{
  "nifty": {
    "min": 0.05253067484662577,
    "max": 1,
    "mean": 0.3505617383245512,
    "median": 0.3492152466367713,
    "stddev": 0.09280053845273814
  },
  "banknifty": {
    "min": 0.20804306523115895,
    "max": 0.3637911464245176,
    "mean": 0.24460189792000012,
    "median": 0.23932651834034877,
    "stddev": 0.030360985986724123
  }
}
